{
  "n_total": 28,
  "n_refusals": 18,
  "raw_pass_rate": 0.17857142857142858,
  "adjusted_pass_rate": 0.7857142857142857
}