{
  "n_samples": 10,
  "with_evidence_mean": 0.7308747053146363,
  "without_evidence_mean": 0.026432324294000865,
  "delta": 0.7044423810206354,
  "with_evidence_scores": [
    0.9404566287994385,
    0.8414536714553833,
    0.5394061207771301,
    0.11840134859085083,
    0.5561886429786682,
    0.9055582284927368,
    0.9347118735313416,
    0.8819715976715088,
    0.815461277961731,
    0.7751376628875732
  ],
  "without_evidence_scores": [
    0.03228604421019554,
    0.021040642634034157,
    0.08896809816360474,
    0.022938460111618042,
    0.024911534041166306,
    0.01653069630265236,
    0.011862579733133316,
    0.01837613806128502,
    0.01632498949766159,
    0.011084060184657574
  ]
}